{
  "target_fpr": 0.01,
  "threshold": 0.03606639798723693,
  "fpr": 0.00967059534602599,
  "tpr": 0.9915303738317757,
  "auc": 0.9993938666988643
}