{
  "timestamp": "2025-09-20T20:05:21.383243Z",
  "model_name": "LinearSVC (TF-IDF)",
  "metrics": {
    "name": "LinearSVC (TF-IDF)",
    "precision": 0.989522700814901,
    "recall": 0.9929906542056075,
    "f1": 0.9912536443148688,
    "auc": 0.9993938666988643,
    "cm": [
      [
        3273,
        36
      ],
      [
        24,
        3400
      ]
    ]
  },
  "train_shape": [
    26932,
    10000
  ],
  "test_shape": [
    6733,
    10000
  ],
  "vocab_size": 10000
}